{
  "cutoff": "2025-01-01",
  "n_train": 166170,
  "n_test": 127409,
  "tier1_blend": {
    "r2": 0.6645930862059202,
    "rmse": 2.3466933481722942,
    "mae": 1.287261679259892,
    "bias": 0.07006333670613805,
    "n": 127373,
    "bootstrap_ci": {
      "r2": [
        0.5920320271365013,
        0.7218401083325046
      ],
      "rmse": [
        2.105805842874384,
        2.6068407531578623
      ],
      "cluster": "sensor"
    },
    "aqi": {
      "category_accuracy": 0.9357477644398734,
      "macro_f1": 0.41620584103345803,
      "exceedance_precision": NaN,
      "exceedance_recall": 0.0,
      "n": 127373,
      "n_exceedance_true": 105
    },
    "morans_i_daily": {
      "mean": 0.04459368575480035,
      "median": 0.033766384211185906,
      "iqr": 0.0738464454276782,
      "n_days": 486
    }
  }
}