{
  "nearest_sensor": {
    "r2": 0.28585589914875065,
    "rmse": 3.6610269382193232,
    "mae": 1.9094531070751475,
    "bias": 0.043089790375106865,
    "n": 293543,
    "bootstrap_ci": {
      "r2": [
        0.1808070374897127,
        0.38216949449077553
      ],
      "rmse": [
        3.340132297116079,
        4.020061285124528
      ],
      "cluster": "sensor"
    },
    "aqi": {
      "category_accuracy": 0.8963661201255012,
      "macro_f1": 0.4390456248500683,
      "exceedance_precision": 0.11746031746031746,
      "exceedance_recall": 0.11011904761904762,
      "n": 293543,
      "n_exceedance_true": 336
    },
    "morans_i_daily": {
      "mean": -0.08435087245346716,
      "median": -0.08847449751468381,
      "iqr": 0.027016440093674765,
      "n_days": 1947
    }
  },
  "idw_k8": {
    "r2": 0.5242072235008218,
    "rmse": 2.9882637057054056,
    "mae": 1.5897992747644512,
    "bias": 0.0345819222725455,
    "n": 293543,
    "bootstrap_ci": {
      "r2": [
        0.4500810301035952,
        0.5918227241736539
      ],
      "rmse": [
        2.6665890685893805,
        3.362967044760384
      ],
      "cluster": "sensor"
    },
    "aqi": {
      "category_accuracy": 0.9116381586343397,
      "macro_f1": 0.46125666209015215,
      "exceedance_precision": 0.36,
      "exceedance_recall": 0.10714285714285714,
      "n": 293543,
      "n_exceedance_true": 336
    },
    "morans_i_daily": {
      "mean": -0.09553815772410906,
      "median": -0.09756819322348871,
      "iqr": 0.022394408740317145,
      "n_days": 1947
    }
  },
  "ordinary_kriging": {
    "r2": 0.5431365416501497,
    "rmse": 2.928216674845689,
    "mae": 1.5967401689186458,
    "bias": 0.02296720108728279,
    "n": 293543,
    "bootstrap_ci": {
      "r2": [
        0.47441948876502266,
        0.6084008247342056
      ],
      "rmse": [
        2.601522743189003,
        3.2985226743349196
      ],
      "cluster": "sensor"
    },
    "aqi": {
      "category_accuracy": 0.9144963429548653,
      "macro_f1": 0.43363835081464935,
      "exceedance_precision": 0.37735849056603776,
      "exceedance_recall": 0.05952380952380952,
      "n": 293543,
      "n_exceedance_true": 336
    },
    "morans_i_daily": {
      "mean": -0.05996378507863347,
      "median": -0.08256254391668058,
      "iqr": 0.06074947192420637,
      "n_days": 1947
    }
  },
  "raw_cams_pm25": {
    "r2": -0.956945530358176,
    "rmse": 6.058874171270422,
    "mae": 4.61133032883692,
    "bias": 3.5221168098108575,
    "n": 251433,
    "bootstrap_ci": {
      "r2": [
        -1.1430396774616036,
        -0.7809628686268271
      ],
      "rmse": [
        5.885797167209191,
        6.236568742114578
      ],
      "cluster": "sensor"
    },
    "aqi": {
      "category_accuracy": 0.677953967856248,
      "macro_f1": 0.29115089517967985,
      "exceedance_precision": 0.0,
      "exceedance_recall": 0.0,
      "n": 251433,
      "n_exceedance_true": 262
    },
    "morans_i_daily": {
      "mean": 0.40789546999052356,
      "median": 0.4025839750127856,
      "iqr": 0.29654724495685414,
      "n_days": 1367
    }
  },
  "raw_cams_pm25_debiased_mean": {
    "r2": -0.2956396549090301,
    "rmse": 4.929974584248445,
    "mae": 3.530252961941099,
    "bias": -1.7362774848608e-16,
    "n": 251433,
    "bootstrap_ci": {
      "r2": [
        -0.35288778860752357,
        -0.24640151043997036
      ],
      "rmse": [
        4.747190304767713,
        5.150350803983245
      ],
      "cluster": "sensor"
    },
    "aqi": {
      "category_accuracy": 0.8052045674195512,
      "macro_f1": 0.3118671383229219,
      "exceedance_precision": 0.0,
      "exceedance_recall": 0.0,
      "n": 251433,
      "n_exceedance_true": 262
    },
    "morans_i_daily": {
      "mean": 0.4078954699905236,
      "median": 0.40258397501278576,
      "iqr": 0.2965472449568542,
      "n_days": 1367
    },
    "offset": 3.5221168098108575
  },
  "raw_geoscf_pm25": {
    "r2": -8.348314216156536,
    "rmse": 13.089821604021527,
    "mae": 10.246439222260122,
    "bias": 9.747105044244055,
    "n": 259421,
    "bootstrap_ci": {
      "r2": [
        -9.532172174766973,
        -7.165451212574574
      ],
      "rmse": [
        12.770555756049614,
        13.384764576063183
      ],
      "cluster": "sensor"
    },
    "aqi": {
      "category_accuracy": 0.40920742730927717,
      "macro_f1": 0.1992943490132793,
      "exceedance_precision": 0.0018686599038974907,
      "exceedance_recall": 0.046052631578947366,
      "n": 259421,
      "n_exceedance_true": 304
    },
    "morans_i_daily": {
      "mean": 0.49931002839971694,
      "median": 0.5137834041452303,
      "iqr": 0.3681048527131271,
      "n_days": 1828
    }
  },
  "raw_geoscf_pm25_debiased_mean": {
    "r2": -3.1648853982571943,
    "rmse": 8.73712612256346,
    "mae": 6.6076726983441025,
    "bias": -8.414073202458659e-16,
    "n": 259421,
    "bootstrap_ci": {
      "r2": [
        -3.534305637913557,
        -2.784955904014866
      ],
      "rmse": [
        8.534672574838249,
        8.941214591997179
      ],
      "cluster": "sensor"
    },
    "aqi": {
      "category_accuracy": 0.7284529779778816,
      "macro_f1": 0.29799034994866974,
      "exceedance_precision": 0.0020050125313283208,
      "exceedance_recall": 0.013157894736842105,
      "n": 259421,
      "n_exceedance_true": 304
    },
    "morans_i_daily": {
      "mean": 0.499310028399717,
      "median": 0.5137834041452303,
      "iqr": 0.3681048527131271,
      "n_days": 1828
    },
    "offset": 9.747105044244055
  },
  "raw_merra2_pm25_proxy": {
    "r2": -5.67566746909605,
    "rmse": 11.193279428159084,
    "mae": 8.631653053999383,
    "bias": 8.101722244717848,
    "n": 293543,
    "bootstrap_ci": {
      "r2": [
        -6.439922069611939,
        -4.821917107989071
      ],
      "rmse": [
        10.984581750417993,
        11.40442490260948
      ],
      "cluster": "sensor"
    },
    "aqi": {
      "category_accuracy": 0.3861614823041258,
      "macro_f1": 0.18859826917132763,
      "exceedance_precision": 0.001701001701001701,
      "exceedance_recall": 0.026785714285714284,
      "n": 293543,
      "n_exceedance_true": 336
    },
    "morans_i_daily": {
      "mean": 0.411298546545821,
      "median": 0.39674379660746073,
      "iqr": 0.32500400342951163,
      "n_days": 1947
    }
  },
  "raw_merra2_pm25_proxy_debiased_mean": {
    "r2": -2.17835284363908,
    "rmse": 7.723444893717657,
    "mae": 5.08984466853131,
    "bias": 9.41893996242357e-16,
    "n": 293543,
    "bootstrap_ci": {
      "r2": [
        -2.440118997140779,
        -1.885412272325818
      ],
      "rmse": [
        7.541116419586861,
        7.923239418357242
      ],
      "cluster": "sensor"
    },
    "aqi": {
      "category_accuracy": 0.7741625588073979,
      "macro_f1": 0.30635022865468425,
      "exceedance_precision": 0.0024793388429752068,
      "exceedance_recall": 0.017857142857142856,
      "n": 293543,
      "n_exceedance_true": 336
    },
    "morans_i_daily": {
      "mean": 0.411298546545821,
      "median": 0.3967437966074607,
      "iqr": 0.32500400342951163,
      "n_days": 1947
    },
    "offset": 8.101722244717848
  }
}