{
  "n_blocks": 5,
  "tier1_blend_lofo": {
    "r2": 0.4959779079166984,
    "rmse": 3.075634928096534,
    "mae": 1.8796312457256057,
    "bias": 0.2776331359300474,
    "n": 293543,
    "bootstrap_ci": {
      "r2": [
        0.4369823744247565,
        0.5551052544725248
      ],
      "rmse": [
        2.758807075286466,
        3.446765109712764
      ],
      "cluster": "sensor"
    },
    "aqi": {
      "category_accuracy": 0.8985736331644768,
      "macro_f1": 0.3899680091034635,
      "exceedance_precision": NaN,
      "exceedance_recall": 0.0,
      "n": 293543,
      "n_exceedance_true": 336
    },
    "morans_i_daily": {
      "mean": 0.1094340294457201,
      "median": 0.08859070455064244,
      "iqr": 0.15481374093876998,
      "n_days": 1947
    }
  },
  "tier1_blend_pooled": {
    "r2": 0.5069779422581264,
    "rmse": 3.0418876729999385,
    "mae": 1.8530791206153858,
    "bias": 0.3021314680674914,
    "n": 293543
  },
  "weights": {
    "lgbm": 3.4532463769270335e-17,
    "xgb": 0.29937159757128656,
    "catboost": 0.0,
    "rf": 0.7006284024287135
  },
  "fold_metrics": [
    {
      "fold": 0,
      "n_train": 210475,
      "n_test": 83068,
      "models": {
        "lgbm": {
          "r2": 0.4291,
          "rmse": 3.3506,
          "mae": 2.0513
        },
        "xgb": {
          "r2": 0.4637,
          "rmse": 3.2474,
          "mae": 1.8253
        },
        "catboost": {
          "r2": 0.4536,
          "rmse": 3.2778,
          "mae": 1.868
        },
        "rf": {
          "r2": 0.4466,
          "rmse": 3.2988,
          "mae": 1.9941
        }
      }
    },
    {
      "fold": 1,
      "n_train": 170629,
      "n_test": 122914,
      "models": {
        "lgbm": {
          "r2": 0.5279,
          "rmse": 2.9834,
          "mae": 1.7192
        },
        "xgb": {
          "r2": 0.5041,
          "rmse": 3.0576,
          "mae": 1.7911
        },
        "catboost": {
          "r2": 0.4453,
          "rmse": 3.2339,
          "mae": 1.9249
        },
        "rf": {
          "r2": 0.5572,
          "rmse": 2.8892,
          "mae": 1.7029
        }
      }
    },
    {
      "fold": 2,
      "n_train": 216858,
      "n_test": 76685,
      "models": {
        "lgbm": {
          "r2": 0.578,
          "rmse": 2.7266,
          "mae": 1.8676
        },
        "xgb": {
          "r2": 0.5753,
          "rmse": 2.7354,
          "mae": 1.8971
        },
        "catboost": {
          "r2": 0.5448,
          "rmse": 2.8321,
          "mae": 1.9979
        },
        "rf": {
          "r2": 0.5811,
          "rmse": 2.7168,
          "mae": 1.8541
        }
      }
    },
    {
      "fold": 3,
      "n_train": 288871,
      "n_test": 4672,
      "models": {
        "lgbm": {
          "r2": -1.3653,
          "rmse": 3.9459,
          "mae": 3.4109
        },
        "xgb": {
          "r2": -1.9791,
          "rmse": 4.4283,
          "mae": 3.7573
        },
        "catboost": {
          "r2": -0.7101,
          "rmse": 3.3551,
          "mae": 2.76
        },
        "rf": {
          "r2": -0.9515,
          "rmse": 3.5841,
          "mae": 3.14
        }
      }
    },
    {
      "fold": 4,
      "n_train": 287339,
      "n_test": 6204,
      "models": {
        "lgbm": {
          "r2": -0.1018,
          "rmse": 5.4274,
          "mae": 3.3132
        },
        "xgb": {
          "r2": -0.0299,
          "rmse": 5.2473,
          "mae": 3.1466
        },
        "catboost": {
          "r2": -0.1032,
          "rmse": 5.4309,
          "mae": 3.4026
        },
        "rf": {
          "r2": -0.1255,
          "rmse": 5.4854,
          "mae": 3.4282
        }
      }
    }
  ],
  "note": "neighbor features use the frame's full-pool columns (per-fold overrides are computed for the LOSO folds)"
}