{
  "cutoff": "2025-01-01",
  "n_train": 166170,
  "n_test": 127409,
  "tier1_blend": {
    "r2": 0.6639532903085414,
    "rmse": 2.3489304658440657,
    "mae": 1.2877881423045947,
    "bias": 0.06373964085872962,
    "n": 127373,
    "bootstrap_ci": {
      "r2": [
        0.5913077931269218,
        0.720583065586728
      ],
      "rmse": [
        2.1071468278684446,
        2.610582178118386
      ],
      "cluster": "sensor"
    },
    "aqi": {
      "category_accuracy": 0.9358969326309343,
      "macro_f1": 0.4163338163268505,
      "exceedance_precision": NaN,
      "exceedance_recall": 0.0,
      "n": 127373,
      "n_exceedance_true": 105
    },
    "morans_i_daily": {
      "mean": 0.04438993059867659,
      "median": 0.03166749887010793,
      "iqr": 0.0727718505287393,
      "n_days": 486
    }
  }
}