{
  "n_blocks": 5,
  "tier1_blend_lofo": {
    "r2": 0.4916409690515854,
    "rmse": 3.0888389816558304,
    "mae": 1.891894571887734,
    "bias": 0.27102848361804127,
    "n": 293543,
    "bootstrap_ci": {
      "r2": [
        0.4327172986740889,
        0.5510752001319488
      ],
      "rmse": [
        2.77584820104766,
        3.45816930275561
      ],
      "cluster": "sensor"
    },
    "aqi": {
      "category_accuracy": 0.8987133060573749,
      "macro_f1": 0.39064668894107124,
      "exceedance_precision": NaN,
      "exceedance_recall": 0.0,
      "n": 293543,
      "n_exceedance_true": 336
    },
    "morans_i_daily": {
      "mean": 0.12563286539423474,
      "median": 0.107754521803217,
      "iqr": 0.1536146154174217,
      "n_days": 1947
    }
  },
  "tier1_blend_pooled": {
    "r2": 0.50369627671541,
    "rmse": 3.051994626116797,
    "mae": 1.862778555025393,
    "bias": 0.30751342011618343,
    "n": 293543
  },
  "weights": {
    "lgbm": 1.0473392986209973e-16,
    "xgb": 0.23180629579682754,
    "catboost": 1.4094628242311558e-17,
    "rf": 0.7681937042031723
  },
  "fold_metrics": [
    {
      "fold": 0,
      "n_train": 210475,
      "n_test": 83068,
      "models": {
        "lgbm": {
          "r2": 0.444,
          "rmse": 3.3066,
          "mae": 1.9781
        },
        "xgb": {
          "r2": 0.4617,
          "rmse": 3.2535,
          "mae": 1.8362
        },
        "catboost": {
          "r2": 0.4607,
          "rmse": 3.2566,
          "mae": 1.8415
        },
        "rf": {
          "r2": 0.4476,
          "rmse": 3.2959,
          "mae": 1.9917
        }
      }
    },
    {
      "fold": 1,
      "n_train": 170629,
      "n_test": 122914,
      "models": {
        "lgbm": {
          "r2": 0.5202,
          "rmse": 3.0076,
          "mae": 1.7523
        },
        "xgb": {
          "r2": 0.4777,
          "rmse": 3.1378,
          "mae": 1.8395
        },
        "catboost": {
          "r2": 0.4897,
          "rmse": 3.1017,
          "mae": 1.8357
        },
        "rf": {
          "r2": 0.5543,
          "rmse": 2.8988,
          "mae": 1.7054
        }
      }
    },
    {
      "fold": 2,
      "n_train": 216858,
      "n_test": 76685,
      "models": {
        "lgbm": {
          "r2": 0.544,
          "rmse": 2.8345,
          "mae": 1.9942
        },
        "xgb": {
          "r2": 0.5753,
          "rmse": 2.7354,
          "mae": 1.8971
        },
        "catboost": {
          "r2": 0.3954,
          "rmse": 3.2638,
          "mae": 2.4286
        },
        "rf": {
          "r2": 0.5754,
          "rmse": 2.7351,
          "mae": 1.8723
        }
      }
    },
    {
      "fold": 3,
      "n_train": 288871,
      "n_test": 4672,
      "models": {
        "lgbm": {
          "r2": -1.339,
          "rmse": 3.9239,
          "mae": 3.3852
        },
        "xgb": {
          "r2": -1.8262,
          "rmse": 4.3132,
          "mae": 3.66
        },
        "catboost": {
          "r2": -0.4992,
          "rmse": 3.1415,
          "mae": 2.5437
        },
        "rf": {
          "r2": -0.8151,
          "rmse": 3.4566,
          "mae": 3.0251
        }
      }
    },
    {
      "fold": 4,
      "n_train": 287339,
      "n_test": 6204,
      "models": {
        "lgbm": {
          "r2": -0.0945,
          "rmse": 5.4095,
          "mae": 3.3022
        },
        "xgb": {
          "r2": -0.0299,
          "rmse": 5.2473,
          "mae": 3.1466
        },
        "catboost": {
          "r2": -0.082,
          "rmse": 5.3785,
          "mae": 3.351
        },
        "rf": {
          "r2": -0.1248,
          "rmse": 5.4837,
          "mae": 3.4268
        }
      }
    }
  ],
  "note": "neighbor features use the frame's full-pool columns (per-fold overrides are computed for the LOSO folds)"
}