{
  "nearest_sensor": {
    "r2": 0.31882747447125603,
    "rmse": 7.006494689400622,
    "mae": 3.649020610670382,
    "bias": 0.08377223973785589,
    "n": 293579,
    "bootstrap_ci": {
      "r2": [
        0.21494136709433923,
        0.4107172079273251
      ],
      "rmse": [
        6.381755999306186,
        7.687404581837635
      ],
      "cluster": "sensor"
    },
    "aqi": {
      "category_accuracy": 0.8018727497538993,
      "macro_f1": 0.4437300717288995,
      "exceedance_precision": 0.47331897583153865,
      "exceedance_recall": 0.49962111644354634,
      "n": 293579,
      "n_exceedance_true": 3959
    },
    "morans_i_daily": {
      "mean": -0.08480298972458102,
      "median": -0.08898300911746754,
      "iqr": 0.027740940669278638,
      "n_days": 1947
    }
  },
  "idw_k8": {
    "r2": 0.5415766810073323,
    "rmse": 5.747852122845559,
    "mae": 3.0590715508073463,
    "bias": 0.088430718726179,
    "n": 293579,
    "bootstrap_ci": {
      "r2": [
        0.4670178500194103,
        0.6110202713134568
      ],
      "rmse": [
        5.139288702275162,
        6.461318618475421
      ],
      "cluster": "sensor"
    },
    "aqi": {
      "category_accuracy": 0.8242381096740571,
      "macro_f1": 0.46980154633984794,
      "exceedance_precision": 0.6175548589341693,
      "exceedance_recall": 0.4478403637282142,
      "n": 293579,
      "n_exceedance_true": 3959
    },
    "morans_i_daily": {
      "mean": -0.09502573515836699,
      "median": -0.0976986051256477,
      "iqr": 0.025227294664017158,
      "n_days": 1947
    }
  },
  "ordinary_kriging": {
    "r2": 0.5681280931165205,
    "rmse": 5.57891459324497,
    "mae": 3.0316642931697437,
    "bias": 0.05945374608674152,
    "n": 293579,
    "bootstrap_ci": {
      "r2": [
        0.4981803206552395,
        0.6348119636604495
      ],
      "rmse": [
        4.946699720633769,
        6.296189484178374
      ],
      "cluster": "sensor"
    },
    "aqi": {
      "category_accuracy": 0.821557400222768,
      "macro_f1": 0.4597544678521216,
      "exceedance_precision": 0.701645175633615,
      "exceedance_recall": 0.3985855013892397,
      "n": 293579,
      "n_exceedance_true": 3959
    },
    "morans_i_daily": {
      "mean": -0.05864008545292474,
      "median": -0.07758420704186483,
      "iqr": 0.05979170935314787,
      "n_days": 1947
    }
  },
  "raw_cams_pm25": {
    "r2": 0.13173999225639665,
    "rmse": 7.904542693310752,
    "mae": 5.340072918384903,
    "bias": -1.1408789982463048,
    "n": 251469,
    "bootstrap_ci": {
      "r2": [
        0.10289291289110639,
        0.15667437007966054
      ],
      "rmse": [
        7.527059062968951,
        8.3764477796353
      ],
      "cluster": "sensor"
    },
    "aqi": {
      "category_accuracy": 0.646497182555305,
      "macro_f1": 0.25396165314658986,
      "exceedance_precision": 0.1568627450980392,
      "exceedance_recall": 0.0022916069894013177,
      "n": 251469,
      "n_exceedance_true": 3491
    },
    "morans_i_daily": {
      "mean": 0.3048591544626287,
      "median": 0.2980681129083399,
      "iqr": 0.2707565704176185,
      "n_days": 1367
    }
  },
  "raw_cams_pm25_debiased_mean": {
    "r2": 0.14982736422203724,
    "rmse": 7.821776671686101,
    "mae": 5.460579017072698,
    "bias": -1.7360289214615143e-16,
    "n": 251469,
    "bootstrap_ci": {
      "r2": [
        0.12589481524979812,
        0.17132411801118572
      ],
      "rmse": [
        7.4706861765984165,
        8.248172336338081
      ],
      "cluster": "sensor"
    },
    "aqi": {
      "category_accuracy": 0.6365555992985219,
      "macro_f1": 0.25561374385766944,
      "exceedance_precision": 0.14285714285714285,
      "exceedance_recall": 0.0022916069894013177,
      "n": 251469,
      "n_exceedance_true": 3491
    },
    "morans_i_daily": {
      "mean": 0.3048591544626287,
      "median": 0.29806811290833995,
      "iqr": 0.27075657041761847,
      "n_days": 1367
    },
    "offset": -1.1408789982463048
  },
  "raw_geoscf_pm25": {
    "r2": -0.7619245919863471,
    "rmse": 11.080268916123034,
    "mae": 8.181253017390619,
    "bias": 5.1367506288041325,
    "n": 259421,
    "bootstrap_ci": {
      "r2": [
        -0.9070107716939648,
        -0.625840585613874
      ],
      "rmse": [
        10.739715519540566,
        11.431633457636579
      ],
      "cluster": "sensor"
    },
    "aqi": {
      "category_accuracy": 0.5665771082526087,
      "macro_f1": 0.23886944792608866,
      "exceedance_precision": 0.03563801388147357,
      "exceedance_recall": 0.08992926911417985,
      "n": 259421,
      "n_exceedance_true": 2969
    },
    "morans_i_daily": {
      "mean": 0.3478087623791286,
      "median": 0.32755426261965037,
      "iqr": 0.34817758851011144,
      "n_days": 1828
    }
  },
  "raw_geoscf_pm25_debiased_mean": {
    "r2": -0.3832521666549418,
    "rmse": 9.817644943217424,
    "mae": 6.920686945591659,
    "bias": -3.3656292809834637e-16,
    "n": 259421,
    "bootstrap_ci": {
      "r2": [
        -0.4444526775557626,
        -0.3286982754134883
      ],
      "rmse": [
        9.41299376237544,
        10.266187482569952
      ],
      "cluster": "sensor"
    },
    "aqi": {
      "category_accuracy": 0.6478388411115522,
      "macro_f1": 0.2686630949410806,
      "exceedance_precision": 0.04777241009125067,
      "exceedance_recall": 0.059952846076119906,
      "n": 259421,
      "n_exceedance_true": 2969
    },
    "morans_i_daily": {
      "mean": 0.3478087623791286,
      "median": 0.3275542626196503,
      "iqr": 0.3481775885101113,
      "n_days": 1828
    },
    "offset": 5.1367506288041325
  },
  "raw_merra2_pm25_proxy": {
    "r2": -0.44239463766895093,
    "rmse": 10.19563513778891,
    "mae": 7.230167883933421,
    "bias": 3.4344093080071243,
    "n": 293579,
    "bootstrap_ci": {
      "r2": [
        -0.5323648365700744,
        -0.3517646106542815
      ],
      "rmse": [
        9.899978434991734,
        10.542942149315335
      ],
      "cluster": "sensor"
    },
    "aqi": {
      "category_accuracy": 0.5279873560438587,
      "macro_f1": 0.2420368188993834,
      "exceedance_precision": 0.1237951237951238,
      "exceedance_recall": 0.16544581965142713,
      "n": 293579,
      "n_exceedance_true": 3959
    },
    "morans_i_daily": {
      "mean": 0.3172055525304453,
      "median": 0.29028720629628835,
      "iqr": 0.3152870262999951,
      "n_days": 1947
    }
  },
  "raw_merra2_pm25_proxy_debiased_mean": {
    "r2": -0.2787281986059307,
    "rmse": 9.599781693767309,
    "mae": 6.315908104539705,
    "bias": -4.461056037908081e-16,
    "n": 293579,
    "bootstrap_ci": {
      "r2": [
        -0.3273454224325487,
        -0.22946413347459918
      ],
      "rmse": [
        9.24188905703519,
        10.037833963019407
      ],
      "cluster": "sensor"
    },
    "aqi": {
      "category_accuracy": 0.6106669754989288,
      "macro_f1": 0.27161847451746124,
      "exceedance_precision": 0.13048275862068964,
      "exceedance_recall": 0.1194746148017176,
      "n": 293579,
      "n_exceedance_true": 3959
    },
    "morans_i_daily": {
      "mean": 0.3172055525304453,
      "median": 0.29028720629628835,
      "iqr": 0.3152870262999951,
      "n_days": 1947
    },
    "offset": 3.4344093080071243
  }
}