{
  "n_blocks": 5,
  "tier1_blend_lofo": {
    "r2": 0.5009379318736367,
    "rmse": 5.997213594454044,
    "mae": 3.6453314377957193,
    "bias": 0.2945087203675864,
    "n": 293579,
    "bootstrap_ci": {
      "r2": [
        0.4395005367947088,
        0.5640740375287112
      ],
      "rmse": [
        5.394100476754411,
        6.715643793463693
      ],
      "cluster": "sensor"
    },
    "aqi": {
      "category_accuracy": 0.784129655050259,
      "macro_f1": 0.3403788801521813,
      "exceedance_precision": 0.7173333333333334,
      "exceedance_recall": 0.06794645112402121,
      "n": 293579,
      "n_exceedance_true": 3959
    },
    "morans_i_daily": {
      "mean": 0.12192039203950379,
      "median": 0.09963623429659017,
      "iqr": 0.15306966373763647,
      "n_days": 1947
    }
  },
  "tier1_blend_pooled": {
    "r2": 0.5136028459883066,
    "rmse": 5.92062764073424,
    "mae": 3.594159319866939,
    "bias": 0.38055840376183286,
    "n": 293579
  },
  "weights": {
    "lgbm": 0.07579051593475418,
    "xgb": 0.12045422481899633,
    "catboost": 0.0,
    "rf": 0.8037552592462495
  },
  "fold_metrics": [
    {
      "fold": 0,
      "n_train": 210501,
      "n_test": 83078,
      "models": {
        "lgbm": {
          "r2": 0.4659,
          "rmse": 6.2732,
          "mae": 3.6344
        },
        "xgb": {
          "r2": 0.4703,
          "rmse": 6.2476,
          "mae": 3.402
        },
        "catboost": {
          "r2": 0.4762,
          "rmse": 6.2129,
          "mae": 3.4031
        },
        "rf": {
          "r2": 0.4674,
          "rmse": 6.2643,
          "mae": 3.7249
        }
      }
    },
    {
      "fold": 1,
      "n_train": 170647,
      "n_test": 122932,
      "models": {
        "lgbm": {
          "r2": 0.5206,
          "rmse": 5.9416,
          "mae": 3.4358
        },
        "xgb": {
          "r2": 0.4806,
          "rmse": 6.1849,
          "mae": 3.5866
        },
        "catboost": {
          "r2": 0.375,
          "rmse": 6.7846,
          "mae": 4.0109
        },
        "rf": {
          "r2": 0.5593,
          "rmse": 5.6969,
          "mae": 3.3486
        }
      }
    },
    {
      "fold": 2,
      "n_train": 216886,
      "n_test": 76693,
      "models": {
        "lgbm": {
          "r2": 0.5647,
          "rmse": 5.3006,
          "mae": 3.5779
        },
        "xgb": {
          "r2": 0.5672,
          "rmse": 5.2853,
          "mae": 3.6117
        },
        "catboost": {
          "r2": 0.4458,
          "rmse": 5.9809,
          "mae": 4.3891
        },
        "rf": {
          "r2": 0.5782,
          "rmse": 5.2179,
          "mae": 3.5426
        }
      }
    },
    {
      "fold": 3,
      "n_train": 288907,
      "n_test": 4672,
      "models": {
        "lgbm": {
          "r2": -1.7201,
          "rmse": 7.4115,
          "mae": 6.4719
        },
        "xgb": {
          "r2": -2.3637,
          "rmse": 8.2418,
          "mae": 6.9912
        },
        "catboost": {
          "r2": -0.6826,
          "rmse": 5.8292,
          "mae": 4.7083
        },
        "rf": {
          "r2": -2.1432,
          "rmse": 7.9672,
          "mae": 7.3093
        }
      }
    },
    {
      "fold": 4,
      "n_train": 287375,
      "n_test": 6204,
      "models": {
        "lgbm": {
          "r2": -0.1828,
          "rmse": 10.7803,
          "mae": 6.5931
        },
        "xgb": {
          "r2": -0.1378,
          "rmse": 10.5735,
          "mae": 6.3308
        },
        "catboost": {
          "r2": -0.1011,
          "rmse": 10.4016,
          "mae": 6.2884
        },
        "rf": {
          "r2": -0.1288,
          "rmse": 10.5314,
          "mae": 6.4968
        }
      }
    }
  ],
  "note": "neighbor features use the frame's full-pool columns (per-fold overrides are computed for the LOSO folds)"
}