{
  "cutoff": "2025-01-01",
  "n_train": 166170,
  "n_test": 127409,
  "tier1_blend": {
    "r2": 0.6821856550064206,
    "rmse": 4.480267693963197,
    "mae": 2.4399124609674456,
    "bias": 0.05444779282621306,
    "n": 127409,
    "bootstrap_ci": {
      "r2": [
        0.6104711468166497,
        0.7377630149031896
      ],
      "rmse": [
        4.001152369582815,
        4.996191550260794
      ],
      "cluster": "sensor"
    },
    "aqi": {
      "category_accuracy": 0.8552692509948276,
      "macro_f1": 0.45329177579529184,
      "exceedance_precision": 0.8102564102564103,
      "exceedance_recall": 0.4152431011826544,
      "n": 127409,
      "n_exceedance_true": 1522
    },
    "morans_i_daily": {
      "mean": 0.0492155695956941,
      "median": 0.039311390765900164,
      "iqr": 0.07757712253125615,
      "n_days": 486
    }
  }
}